"customer_id";"customer_name"
"CUST-0001";"Silvia Pérez"
"CUST-0002";"María Carmona"
"CUST-0003";"Adrián Vega"
"CUST-0004";"Paula González"
"CUST-0005";"Ángel Rodríguez"
"CUST-0006";"Mario Carmona"
"CUST-0007";"Teresa Martínez"
"CUST-0008";"Hugo Medina"
"CUST-0009";"Lucía Sánchez"
"CUST-0010";"Javier Vázquez"
"CUST-0011";"Paula Herrera"
"CUST-0012";"Nuria Sánchez"
"CUST-0013";"Víctor Domínguez"
"CUST-0014";"Marcos Méndez"
"CUST-0015";"Rocío Moreno"
"CUST-0016";"Natalia Ramos"
"CUST-0017";"Patricia Prieto"
"CUST-0018";"Adrián García"
"CUST-0019";"Noelia Navarro"
"CUST-0020";"Rocío Medina"
"CUST-0021";"Jorge Suárez"
"CUST-0022";"Pablo Vázquez"
"CUST-0023";"Noelia Ortiz"
"CUST-0024";"Sofía Martínez"
"CUST-0025";"Beatriz Rodríguez"
"CUST-0026";"Cristina Rubio"
"CUST-0027";"Nuria Molina"
"CUST-0028";"Lucía Durán"
"CUST-0029";"Óscar Moreno"
"CUST-0030";"Diego Sanz"
"CUST-0031";"Javier Romero"
"CUST-0032";"Irene Pascual"
"CUST-0033";"Iván Marín"
"CUST-0034";"Isabel Domínguez"
"CUST-0035";"Marcos López"
"CUST-0036";"Lucía Aguilar"
"CUST-0037";"Paula Pastor"
"CUST-0038";"Irene Martínez"
"CUST-0039";"Paula Rodríguez"
"CUST-0040";"Beatriz Suárez"
"CUST-0041";"Óscar Pascual"
"CUST-0042";"Rubén Navarro"
"CUST-0043";"Rubén Rubio"
"CUST-0044";"Daniel Aguilar"
"CUST-0045";"Adrián Campos"
"CUST-0046";"Mario Méndez"
"CUST-0047";"Carmen Blanco"
"CUST-0048";"Silvia Navarro"
"CUST-0049";"Teresa Durán"
"CUST-0050";"Sergio Navarro"
"CUST-0051";"Óscar Sanz"
"CUST-0052";"Adrián Pascual"
"CUST-0053";"Rocío Romero"
"CUST-0054";"Paula Vidal"
"CUST-0055";"Ana Pastor"
"CUST-0056";"Tomás Fernández"
"CUST-0057";"Paula Gómez"
"CUST-0058";"Ana Iglesias"
"CUST-0059";"Adrián López"
"CUST-0060";"Daniel Muñoz"
"CUST-0061";"Marcos Delgado"
"CUST-0062";"Daniel Méndez"
"CUST-0063";"Manuel Iglesias"
"CUST-0064";"Gonzalo Cabrera"
"CUST-0065";"Pablo Molina"
"CUST-0066";"Elena Vega"
"CUST-0067";"Ángel Romero"
"CUST-0068";"Teresa Molina"
"CUST-0069";"Ángel Prieto"
"CUST-0070";"David Prieto"
"CUST-0071";"Fernando Marín"
"CUST-0072";"Andrea Nieto"
"CUST-0073";"Javier Crespo"
"CUST-0074";"Álvaro Pérez"
"CUST-0075";"Pablo Pascual"
"CUST-0076";"Laura Vidal"
"CUST-0077";"David Blanco"
"CUST-0078";"Carmen Sanz"
"CUST-0079";"Beatriz Blanco"
"CUST-0080";"Óscar Díaz"
"CUST-0081";"Marta Romero"
"CUST-0082";"Alejandro Vidal"
"CUST-0083";"Alicia Pérez"
"CUST-0084";"Mario Moreno"
"CUST-0085";"Noelia Suárez"
"CUST-0086";"Tomás Méndez"
"CUST-0087";"Jorge Pérez"
"CUST-0088";"Irene Medina"
"CUST-0089";"Laura Cabrera"
"CUST-0090";"Alejandro Durán"
"CUST-0091";"Alicia Molina"
"CUST-0092";"Andrea Crespo"
"CUST-0093";"Miguel Herrera"
"CUST-0094";"Sofía Pascual"
"CUST-0095";"Carlos Pascual"
"CUST-0096";"Andrea Blanco"
"CUST-0097";"Claudia Torres"
"CUST-0098";"Rubén Crespo"
"CUST-0099";"Laura Moreno"
"CUST-0100";"Tomás Díaz"
