"order_id";"order_date";"region";"salesperson";"customer_id"
"ES-00001";"2025-03-27";"Madrid";"Pablo García";"CUST-0013"
"ES-00002";"2025-04-18";"Navarre";"Beatriz Martín";"CUST-0084"
"ES-00003";"2025-10-03";"Navarre";"Pablo García";"CUST-0062"
"ES-00004";"2025-12-18";"Murcia";"Alejandro Ruiz";"CUST-0082"
"ES-00005";"2025-02-07";"Andalusia";"Clara Molina";"CUST-0075"
"ES-00006";"2025-05-13";"Asturias";"Miguel Torres";"CUST-0003"
"ES-00007";"2025-01-09";"Madrid";"Pablo García";"CUST-0065"
"ES-00008";"2025-10-27";"Balearic Islands";"Javier Ortega";"CUST-0018"
"ES-00009";"2025-05-29";"Andalusia";"Eduardo Gómez";"CUST-0099"
"ES-00010";"2025-07-15";"Cantabria";"Carlos Navarro";"CUST-0100"
"ES-00011";"2025-03-11";"Aragon";"Pablo García";"CUST-0048"
"ES-00012";"2025-06-02";"Balearic Islands";"Alejandro Ruiz";"CUST-0044"
"ES-00013";"2025-03-05";"Asturias";"Javier Ortega";"CUST-0018"
"ES-00014";"2025-06-06";"Balearic Islands";"Diana Sánchez";"CUST-0041"
"ES-00015";"2025-11-27";"Galicia";"Diana Sánchez";"CUST-0100"
"ES-00016";"2025-04-10";"Catalonia";"Javier Ortega";"CUST-0028"
"ES-00017";"2025-11-27";"Andalusia";"Eduardo Gómez";"CUST-0066"
"ES-00018";"2025-04-12";"Murcia";"Laura Fernández";"CUST-0052"
"ES-00019";"2025-12-10";"Andalusia";"Diana Sánchez";"CUST-0065"
"ES-00020";"2025-09-06";"Aragon";"Elena Ramos";"CUST-0028"
"ES-00021";"2025-10-17";"Navarre";"Carlos Navarro";"CUST-0084"
"ES-00022";"2025-06-10";"Navarre";"Eduardo Gómez";"CUST-0097"
"ES-00023";"2025-03-10";"Cantabria";"Sofía Romero";"CUST-0073"
"ES-00024";"2025-07-03";"Valencia";"Carlos Navarro";"CUST-0091"
"ES-00025";"2025-05-24";"Castile and León";"Eduardo Gómez";"CUST-0047"
"ES-00026";"2025-02-08";"Madrid";"Clara Molina";"CUST-0096"
"ES-00027";"2025-10-30";"Castile-La Mancha";"Javier Ortega";"CUST-0025"
"ES-00028";"2025-12-01";"Canary Islands";"Clara Molina";"CUST-0045"
"ES-00029";"2025-03-10";"Asturias";"Laura Fernández";"CUST-0087"
"ES-00030";"2025-12-06";"Galicia";"Javier Ortega";"CUST-0003"
"ES-00031";"2025-08-17";"Basque Country";"Elena Ramos";"CUST-0029"
"ES-00032";"2025-07-03";"Canary Islands";"Beatriz Martín";"CUST-0008"
"ES-00033";"2025-07-09";"La Rioja";"Laura Fernández";"CUST-0073"
"ES-00034";"2025-08-29";"Catalonia";"Pablo García";"CUST-0022"
"ES-00035";"2025-02-22";"Castile-La Mancha";"Elena Ramos";"CUST-0067"
"ES-00036";"2025-10-24";"Asturias";"Laura Fernández";"CUST-0098"
"ES-00037";"2025-09-22";"Canary Islands";"Javier Ortega";"CUST-0048"
"ES-00038";"2025-06-30";"Cantabria";"Clara Molina";"CUST-0069"
"ES-00039";"2025-09-14";"Canary Islands";"Beatriz Martín";"CUST-0040"
"ES-00040";"2025-04-19";"Valencia";"Pablo García";"CUST-0022"
"ES-00041";"2025-08-01";"Cantabria";"Pablo García";"CUST-0040"
"ES-00042";"2025-09-03";"Navarre";"Alejandro Ruiz";"CUST-0004"
"ES-00043";"2025-01-23";"Basque Country";"Pablo García";"CUST-0075"
"ES-00044";"2025-10-21";"Galicia";"Javier Ortega";"CUST-0044"
"ES-00045";"2025-11-03";"Aragon";"Beatriz Martín";"CUST-0062"
"ES-00046";"2025-08-18";"Cantabria";"Carlos Navarro";"CUST-0001"
"ES-00047";"2025-07-30";"Galicia";"Clara Molina";"CUST-0075"
"ES-00048";"2025-03-27";"Extremadura";"Clara Molina";"CUST-0083"
"ES-00049";"2025-04-28";"Madrid";"Diana Sánchez";"CUST-0076"
"ES-00050";"2025-03-18";"Catalonia";"Javier Ortega";"CUST-0060"
"ES-00051";"2025-02-17";"Madrid";"Pablo García";"CUST-0001"
"ES-00052";"2025-09-25";"La Rioja";"Miguel Torres";"CUST-0048"
"ES-00053";"2025-09-04";"Valencia";"Miguel Torres";"CUST-0014"
"ES-00054";"2025-05-11";"Andalusia";"Eduardo Gómez";"CUST-0030"
"ES-00055";"2025-05-12";"Madrid";"Clara Molina";"CUST-0063"
"ES-00056";"2025-09-24";"Murcia";"Miguel Torres";"CUST-0054"
"ES-00057";"2025-02-24";"Castile-La Mancha";"Eduardo Gómez";"CUST-0008"
"ES-00058";"2025-10-17";"Asturias";"Diana Sánchez";"CUST-0042"
"ES-00059";"2025-10-10";"Balearic Islands";"Javier Ortega";"CUST-0020"
"ES-00060";"2025-05-10";"Asturias";"Elena Ramos";"CUST-0063"
"ES-00061";"2025-12-04";"Galicia";"Beatriz Martín";"CUST-0097"
"ES-00062";"2025-09-18";"Catalonia";"Carlos Navarro";"CUST-0053"
"ES-00063";"2025-11-22";"Basque Country";"Sofía Romero";"CUST-0050"
"ES-00064";"2025-02-15";"Andalusia";"Clara Molina";"CUST-0063"
"ES-00065";"2025-07-16";"La Rioja";"Eduardo Gómez";"CUST-0039"
"ES-00066";"2025-03-31";"Castile and León";"Pablo García";"CUST-0048"
"ES-00067";"2025-04-10";"La Rioja";"Elena Ramos";"CUST-0075"
"ES-00068";"2025-11-11";"Canary Islands";"Pablo García";"CUST-0095"
"ES-00069";"2025-03-22";"Asturias";"Laura Fernández";"CUST-0022"
"ES-00070";"2025-07-27";"Andalusia";"Beatriz Martín";"CUST-0020"
"ES-00071";"2025-10-14";"Castile-La Mancha";"Diana Sánchez";"CUST-0033"
"ES-00072";"2025-08-21";"Castile-La Mancha";"Carlos Navarro";"CUST-0043"
"ES-00073";"2025-09-17";"Aragon";"Laura Fernández";"CUST-0005"
"ES-00074";"2025-09-20";"Castile-La Mancha";"Elena Ramos";"CUST-0002"
"ES-00075";"2025-07-13";"Murcia";"Sofía Romero";"CUST-0089"
"ES-00076";"2025-10-28";"Castile-La Mancha";"Beatriz Martín";"CUST-0017"
"ES-00077";"2025-11-21";"Canary Islands";"Laura Fernández";"CUST-0035"
"ES-00078";"2025-06-30";"Castile-La Mancha";"Diana Sánchez";"CUST-0072"
"ES-00079";"2025-02-17";"Murcia";"Beatriz Martín";"CUST-0008"
"ES-00080";"2025-09-01";"Castile-La Mancha";"Carlos Navarro";"CUST-0029"
"ES-00081";"2025-09-13";"Canary Islands";"Eduardo Gómez";"CUST-0091"
"ES-00082";"2025-04-28";"Balearic Islands";"Carlos Navarro";"CUST-0076"
"ES-00083";"2025-03-03";"Cantabria";"Clara Molina";"CUST-0026"
"ES-00084";"2025-10-05";"Balearic Islands";"Clara Molina";"CUST-0037"
"ES-00085";"2025-09-10";"Castile-La Mancha";"Sofía Romero";"CUST-0034"
"ES-00086";"2025-09-19";"Basque Country";"Alejandro Ruiz";"CUST-0002"
"ES-00087";"2025-09-02";"Balearic Islands";"Miguel Torres";"CUST-0078"
"ES-00088";"2025-08-23";"Extremadura";"Laura Fernández";"CUST-0083"
"ES-00089";"2025-01-07";"Valencia";"Laura Fernández";"CUST-0023"
"ES-00090";"2025-11-10";"Castile-La Mancha";"Diana Sánchez";"CUST-0004"
"ES-00091";"2025-08-30";"Galicia";"Sofía Romero";"CUST-0025"
"ES-00092";"2025-04-18";"Balearic Islands";"Miguel Torres";"CUST-0003"
"ES-00093";"2025-08-19";"Canary Islands";"Beatriz Martín";"CUST-0067"
"ES-00094";"2025-05-01";"Castile and León";"Carlos Navarro";"CUST-0078"
"ES-00095";"2025-08-31";"Cantabria";"Carlos Navarro";"CUST-0070"
"ES-00096";"2025-09-07";"Catalonia";"Miguel Torres";"CUST-0006"
"ES-00097";"2025-12-20";"Castile-La Mancha";"Sofía Romero";"CUST-0097"
"ES-00098";"2025-08-19";"Balearic Islands";"Javier Ortega";"CUST-0010"
"ES-00099";"2025-06-26";"Castile and León";"Clara Molina";"CUST-0039"
"ES-00100";"2025-05-26";"Cantabria";"Elena Ramos";"CUST-0060"
"ES-00101";"2025-02-10";"Basque Country";"Carlos Navarro";"CUST-0008"
"ES-00102";"2025-08-04";"Andalusia";"Beatriz Martín";"CUST-0002"
"ES-00103";"2025-06-25";"Aragon";"Elena Ramos";"CUST-0029"
"ES-00104";"2025-11-06";"Extremadura";"Laura Fernández";"CUST-0012"
"ES-00105";"2025-07-31";"Basque Country";"Elena Ramos";"CUST-0100"
"ES-00106";"2025-12-05";"Andalusia";"Diana Sánchez";"CUST-0080"
"ES-00107";"2025-07-23";"Cantabria";"Javier Ortega";"CUST-0084"
"ES-00108";"2025-01-14";"Andalusia";"Beatriz Martín";"CUST-0007"
"ES-00109";"2025-11-13";"Asturias";"Eduardo Gómez";"CUST-0096"
"ES-00110";"2025-05-07";"Basque Country";"Carlos Navarro";"CUST-0096"
"ES-00111";"2025-01-15";"Murcia";"Sofía Romero";"CUST-0008"
"ES-00112";"2025-10-04";"Basque Country";"Elena Ramos";"CUST-0074"
"ES-00113";"2025-10-30";"Navarre";"Javier Ortega";"CUST-0036"
"ES-00114";"2025-06-27";"Andalusia";"Sofía Romero";"CUST-0072"
"ES-00115";"2025-07-07";"Madrid";"Alejandro Ruiz";"CUST-0063"
"ES-00116";"2025-06-26";"Cantabria";"Sofía Romero";"CUST-0033"
"ES-00117";"2025-01-05";"Canary Islands";"Alejandro Ruiz";"CUST-0036"
"ES-00118";"2025-04-07";"Asturias";"Diana Sánchez";"CUST-0074"
"ES-00119";"2025-11-27";"Castile-La Mancha";"Beatriz Martín";"CUST-0035"
"ES-00120";"2025-11-17";"Castile-La Mancha";"Eduardo Gómez";"CUST-0054"
"ES-00121";"2025-07-31";"Basque Country";"Eduardo Gómez";"CUST-0094"
"ES-00122";"2025-11-23";"Cantabria";"Diana Sánchez";"CUST-0037"
"ES-00123";"2025-01-10";"Madrid";"Carlos Navarro";"CUST-0011"
"ES-00124";"2025-05-25";"Madrid";"Diana Sánchez";"CUST-0001"
"ES-00125";"2025-03-19";"Navarre";"Eduardo Gómez";"CUST-0091"
"ES-00126";"2025-07-10";"Murcia";"Beatriz Martín";"CUST-0029"
"ES-00127";"2025-01-29";"Cantabria";"Carlos Navarro";"CUST-0050"
"ES-00128";"2025-05-09";"Valencia";"Elena Ramos";"CUST-0039"
"ES-00129";"2025-07-17";"Catalonia";"Diana Sánchez";"CUST-0045"
"ES-00130";"2025-02-18";"Cantabria";"Miguel Torres";"CUST-0025"
"ES-00131";"2025-06-15";"La Rioja";"Beatriz Martín";"CUST-0005"
"ES-00132";"2025-09-04";"Catalonia";"Pablo García";"CUST-0021"
"ES-00133";"2025-02-27";"Madrid";"Carlos Navarro";"CUST-0092"
"ES-00134";"2025-10-27";"Madrid";"Alejandro Ruiz";"CUST-0009"
"ES-00135";"2025-12-19";"Andalusia";"Diana Sánchez";"CUST-0049"
"ES-00136";"2025-09-13";"Catalonia";"Alejandro Ruiz";"CUST-0080"
"ES-00137";"2025-11-27";"Valencia";"Carlos Navarro";"CUST-0016"
"ES-00138";"2025-04-30";"Balearic Islands";"Sofía Romero";"CUST-0096"
"ES-00139";"2025-01-11";"Basque Country";"Eduardo Gómez";"CUST-0065"
"ES-00140";"2025-09-06";"Cantabria";"Diana Sánchez";"CUST-0040"
"ES-00141";"2025-10-06";"Castile-La Mancha";"Clara Molina";"CUST-0042"
"ES-00142";"2025-02-05";"Castile-La Mancha";"Javier Ortega";"CUST-0069"
"ES-00143";"2025-08-21";"Asturias";"Elena Ramos";"CUST-0012"
"ES-00144";"2025-01-10";"Canary Islands";"Laura Fernández";"CUST-0098"
"ES-00145";"2025-12-04";"Castile and León";"Javier Ortega";"CUST-0014"
"ES-00146";"2025-10-10";"Navarre";"Pablo García";"CUST-0038"
"ES-00147";"2025-02-26";"Catalonia";"Carlos Navarro";"CUST-0098"
"ES-00148";"2025-01-17";"Valencia";"Alejandro Ruiz";"CUST-0061"
"ES-00149";"2025-12-03";"Castile-La Mancha";"Alejandro Ruiz";"CUST-0094"
"ES-00150";"2025-04-24";"Castile and León";"Pablo García";"CUST-0068"
"ES-00151";"2025-02-10";"Balearic Islands";"Javier Ortega";"CUST-0004"
"ES-00152";"2025-07-08";"Castile-La Mancha";"Javier Ortega";"CUST-0019"
"ES-00153";"2025-02-06";"Castile and León";"Javier Ortega";"CUST-0074"
"ES-00154";"2025-02-21";"Castile and León";"Diana Sánchez";"CUST-0088"
"ES-00155";"2025-10-19";"Navarre";"Elena Ramos";"CUST-0036"
"ES-00156";"2025-11-23";"Navarre";"Beatriz Martín";"CUST-0061"
"ES-00157";"2025-04-03";"Galicia";"Javier Ortega";"CUST-0051"
"ES-00158";"2025-06-30";"Murcia";"Laura Fernández";"CUST-0034"
"ES-00159";"2025-11-21";"Canary Islands";"Clara Molina";"CUST-0031"
"ES-00160";"2025-07-12";"Castile-La Mancha";"Laura Fernández";"CUST-0091"
"ES-00161";"2025-08-18";"Catalonia";"Eduardo Gómez";"CUST-0030"
"ES-00162";"2025-09-23";"Madrid";"Eduardo Gómez";"CUST-0004"
"ES-00163";"2025-04-20";"Castile-La Mancha";"Javier Ortega";"CUST-0059"
"ES-00164";"2025-02-18";"Basque Country";"Eduardo Gómez";"CUST-0061"
"ES-00165";"2025-10-26";"Aragon";"Beatriz Martín";"CUST-0061"
"ES-00166";"2025-10-19";"Murcia";"Sofía Romero";"CUST-0034"
"ES-00167";"2025-09-07";"Valencia";"Clara Molina";"CUST-0089"
"ES-00168";"2025-01-20";"Andalusia";"Alejandro Ruiz";"CUST-0075"
"ES-00169";"2025-06-28";"Valencia";"Diana Sánchez";"CUST-0018"
"ES-00170";"2025-11-21";"Aragon";"Javier Ortega";"CUST-0025"
"ES-00171";"2025-06-13";"La Rioja";"Elena Ramos";"CUST-0063"
"ES-00172";"2025-03-20";"Asturias";"Sofía Romero";"CUST-0027"
"ES-00173";"2025-04-24";"Basque Country";"Carlos Navarro";"CUST-0043"
"ES-00174";"2025-02-12";"Asturias";"Eduardo Gómez";"CUST-0063"
"ES-00175";"2025-07-24";"Basque Country";"Carlos Navarro";"CUST-0093"
"ES-00176";"2025-10-14";"Castile and León";"Javier Ortega";"CUST-0051"
"ES-00177";"2025-05-05";"Murcia";"Pablo García";"CUST-0034"
"ES-00178";"2025-02-27";"Balearic Islands";"Diana Sánchez";"CUST-0058"
"ES-00179";"2025-06-26";"Aragon";"Carlos Navarro";"CUST-0056"
"ES-00180";"2025-11-12";"Basque Country";"Sofía Romero";"CUST-0051"
"ES-00181";"2025-04-30";"Andalusia";"Beatriz Martín";"CUST-0044"
"ES-00182";"2025-05-05";"Aragon";"Alejandro Ruiz";"CUST-0077"
"ES-00183";"2025-12-22";"Cantabria";"Alejandro Ruiz";"CUST-0005"
"ES-00184";"2025-04-18";"La Rioja";"Eduardo Gómez";"CUST-0076"
"ES-00185";"2025-11-15";"Madrid";"Miguel Torres";"CUST-0068"
"ES-00186";"2025-05-11";"Castile-La Mancha";"Alejandro Ruiz";"CUST-0094"
"ES-00187";"2025-12-02";"Castile-La Mancha";"Pablo García";"CUST-0007"
"ES-00188";"2025-02-25";"Asturias";"Diana Sánchez";"CUST-0030"
"ES-00189";"2025-09-18";"Murcia";"Sofía Romero";"CUST-0026"
"ES-00190";"2025-04-06";"Madrid";"Alejandro Ruiz";"CUST-0095"
"ES-00191";"2025-09-29";"Galicia";"Alejandro Ruiz";"CUST-0020"
"ES-00192";"2025-12-17";"Canary Islands";"Javier Ortega";"CUST-0099"
"ES-00193";"2025-02-01";"Madrid";"Javier Ortega";"CUST-0058"
"ES-00194";"2025-04-26";"Basque Country";"Beatriz Martín";"CUST-0026"
"ES-00195";"2025-09-24";"Canary Islands";"Miguel Torres";"CUST-0014"
"ES-00196";"2025-10-21";"Murcia";"Sofía Romero";"CUST-0036"
"ES-00197";"2025-04-16";"Castile and León";"Carlos Navarro";"CUST-0061"
"ES-00198";"2025-12-19";"Basque Country";"Miguel Torres";"CUST-0100"
"ES-00199";"2025-12-02";"Murcia";"Beatriz Martín";"CUST-0027"
"ES-00200";"2025-04-05";"Madrid";"Laura Fernández";"CUST-0026"
"ES-00201";"2025-07-30";"Castile-La Mancha";"Carlos Navarro";"CUST-0052"
"ES-00202";"2025-02-24";"Castile-La Mancha";"Clara Molina";"CUST-0045"
"ES-00203";"2025-11-02";"Balearic Islands";"Beatriz Martín";"CUST-0024"
"ES-00204";"2025-03-10";"Balearic Islands";"Carlos Navarro";"CUST-0018"
"ES-00205";"2025-09-09";"Canary Islands";"Alejandro Ruiz";"CUST-0009"
"ES-00206";"2025-01-08";"Canary Islands";"Elena Ramos";"CUST-0059"
"ES-00207";"2025-04-15";"Extremadura";"Clara Molina";"CUST-0023"
"ES-00208";"2025-12-19";"Canary Islands";"Miguel Torres";"CUST-0031"
"ES-00209";"2025-01-22";"Murcia";"Miguel Torres";"CUST-0025"
"ES-00210";"2025-09-24";"Catalonia";"Diana Sánchez";"CUST-0076"
"ES-00211";"2025-01-21";"Catalonia";"Diana Sánchez";"CUST-0043"
"ES-00212";"2025-08-14";"Aragon";"Sofía Romero";"CUST-0013"
"ES-00213";"2025-08-05";"La Rioja";"Carlos Navarro";"CUST-0018"
"ES-00214";"2025-11-27";"Valencia";"Carlos Navarro";"CUST-0023"
"ES-00215";"2025-07-21";"Galicia";"Sofía Romero";"CUST-0091"
"ES-00216";"2025-08-21";"Galicia";"Elena Ramos";"CUST-0095"
"ES-00217";"2025-02-16";"Balearic Islands";"Beatriz Martín";"CUST-0035"
"ES-00218";"2025-09-19";"Asturias";"Alejandro Ruiz";"CUST-0052"
"ES-00219";"2025-06-21";"Basque Country";"Carlos Navarro";"CUST-0075"
"ES-00220";"2025-04-02";"Aragon";"Eduardo Gómez";"CUST-0049"
"ES-00221";"2025-05-28";"Basque Country";"Diana Sánchez";"CUST-0081"
"ES-00222";"2025-11-15";"Cantabria";"Sofía Romero";"CUST-0073"
"ES-00223";"2025-11-08";"Cantabria";"Sofía Romero";"CUST-0054"
"ES-00224";"2025-08-15";"Canary Islands";"Javier Ortega";"CUST-0032"
"ES-00225";"2025-11-14";"Castile and León";"Alejandro Ruiz";"CUST-0044"
"ES-00226";"2025-03-17";"Basque Country";"Alejandro Ruiz";"CUST-0057"
"ES-00227";"2025-06-19";"Navarre";"Carlos Navarro";"CUST-0022"
"ES-00228";"2025-12-11";"Galicia";"Sofía Romero";"CUST-0057"
"ES-00229";"2025-01-19";"Balearic Islands";"Miguel Torres";"CUST-0012"
"ES-00230";"2025-08-07";"Cantabria";"Carlos Navarro";"CUST-0050"
"ES-00231";"2025-12-22";"Navarre";"Javier Ortega";"CUST-0092"
"ES-00232";"2025-12-23";"La Rioja";"Beatriz Martín";"CUST-0024"
"ES-00233";"2025-12-19";"Aragon";"Miguel Torres";"CUST-0087"
"ES-00234";"2025-05-13";"Balearic Islands";"Carlos Navarro";"CUST-0077"
"ES-00235";"2025-09-24";"Galicia";"Clara Molina";"CUST-0084"
"ES-00236";"2025-12-29";"Valencia";"Alejandro Ruiz";"CUST-0007"
"ES-00237";"2025-11-17";"Castile and León";"Clara Molina";"CUST-0072"
"ES-00238";"2025-07-31";"Castile and León";"Alejandro Ruiz";"CUST-0013"
"ES-00239";"2025-12-20";"Aragon";"Eduardo Gómez";"CUST-0016"
"ES-00240";"2025-01-04";"Asturias";"Elena Ramos";"CUST-0090"
"ES-00241";"2025-03-31";"Cantabria";"Sofía Romero";"CUST-0059"
"ES-00242";"2025-11-27";"Extremadura";"Javier Ortega";"CUST-0083"
"ES-00243";"2025-08-25";"Catalonia";"Javier Ortega";"CUST-0046"
"ES-00244";"2025-10-17";"Madrid";"Diana Sánchez";"CUST-0075"
"ES-00245";"2025-07-01";"Madrid";"Laura Fernández";"CUST-0051"
"ES-00246";"2025-11-17";"Asturias";"Carlos Navarro";"CUST-0088"
"ES-00247";"2025-06-07";"Catalonia";"Eduardo Gómez";"CUST-0066"
"ES-00248";"2025-02-14";"Extremadura";"Eduardo Gómez";"CUST-0039"
"ES-00249";"2025-09-26";"Catalonia";"Diana Sánchez";"CUST-0054"
"ES-00250";"2025-08-16";"La Rioja";"Carlos Navarro";"CUST-0074"
"ES-00251";"2025-06-24";"La Rioja";"Eduardo Gómez";"CUST-0073"
"ES-00252";"2025-03-15";"La Rioja";"Pablo García";"CUST-0017"
"ES-00253";"2025-04-16";"La Rioja";"Beatriz Martín";"CUST-0098"
"ES-00254";"2025-06-09";"Andalusia";"Laura Fernández";"CUST-0036"
"ES-00255";"2025-01-24";"Aragon";"Alejandro Ruiz";"CUST-0074"
"ES-00256";"2025-11-24";"Castile and León";"Eduardo Gómez";"CUST-0081"
"ES-00257";"2025-09-30";"Valencia";"Eduardo Gómez";"CUST-0065"
"ES-00258";"2025-03-22";"La Rioja";"Beatriz Martín";"CUST-0029"
"ES-00259";"2025-10-05";"Basque Country";"Elena Ramos";"CUST-0073"
"ES-00260";"2025-10-21";"Murcia";"Javier Ortega";"CUST-0003"
"ES-00261";"2025-01-26";"Catalonia";"Beatriz Martín";"CUST-0066"
"ES-00262";"2025-01-28";"Extremadura";"Clara Molina";"CUST-0067"
"ES-00263";"2025-06-09";"Andalusia";"Sofía Romero";"CUST-0082"
"ES-00264";"2025-02-17";"Extremadura";"Beatriz Martín";"CUST-0013"
"ES-00265";"2025-06-08";"Extremadura";"Sofía Romero";"CUST-0050"
"ES-00266";"2025-04-25";"Castile-La Mancha";"Laura Fernández";"CUST-0061"
"ES-00267";"2025-04-04";"Murcia";"Sofía Romero";"CUST-0050"
"ES-00268";"2025-01-16";"Cantabria";"Sofía Romero";"CUST-0082"
"ES-00269";"2025-05-25";"Basque Country";"Javier Ortega";"CUST-0022"
"ES-00270";"2025-07-27";"Murcia";"Javier Ortega";"CUST-0098"
"ES-00271";"2025-06-04";"Navarre";"Diana Sánchez";"CUST-0007"
"ES-00272";"2025-10-08";"Andalusia";"Laura Fernández";"CUST-0043"
"ES-00273";"2025-12-22";"Navarre";"Clara Molina";"CUST-0084"
"ES-00274";"2025-10-06";"Andalusia";"Elena Ramos";"CUST-0065"
"ES-00275";"2025-02-28";"Valencia";"Sofía Romero";"CUST-0053"
"ES-00276";"2025-06-07";"Valencia";"Pablo García";"CUST-0016"
"ES-00277";"2025-06-17";"Andalusia";"Diana Sánchez";"CUST-0046"
"ES-00278";"2025-10-25";"Madrid";"Carlos Navarro";"CUST-0040"
"ES-00279";"2025-08-20";"Extremadura";"Diana Sánchez";"CUST-0090"
"ES-00280";"2025-12-15";"Aragon";"Miguel Torres";"CUST-0098"
"ES-00281";"2025-02-15";"La Rioja";"Miguel Torres";"CUST-0001"
"ES-00282";"2025-05-31";"Catalonia";"Alejandro Ruiz";"CUST-0084"
"ES-00283";"2025-02-26";"Canary Islands";"Miguel Torres";"CUST-0019"
"ES-00284";"2025-11-17";"Asturias";"Miguel Torres";"CUST-0088"
"ES-00285";"2025-12-06";"Asturias";"Laura Fernández";"CUST-0084"
"ES-00286";"2025-03-20";"Basque Country";"Carlos Navarro";"CUST-0053"
"ES-00287";"2025-02-06";"Cantabria";"Pablo García";"CUST-0010"
"ES-00288";"2025-03-11";"Navarre";"Sofía Romero";"CUST-0001"
"ES-00289";"2025-11-16";"Extremadura";"Miguel Torres";"CUST-0017"
"ES-00290";"2025-04-26";"Cantabria";"Elena Ramos";"CUST-0096"
"ES-00291";"2025-12-31";"Balearic Islands";"Alejandro Ruiz";"CUST-0012"
"ES-00292";"2025-10-18";"Cantabria";"Elena Ramos";"CUST-0077"
"ES-00293";"2025-03-14";"Castile-La Mancha";"Sofía Romero";"CUST-0017"
"ES-00294";"2025-09-25";"Cantabria";"Pablo García";"CUST-0037"
"ES-00295";"2025-12-17";"Aragon";"Clara Molina";"CUST-0100"
"ES-00296";"2025-06-25";"Extremadura";"Javier Ortega";"CUST-0094"
"ES-00297";"2025-10-21";"Aragon";"Eduardo Gómez";"CUST-0100"
"ES-00298";"2025-01-19";"Aragon";"Elena Ramos";"CUST-0041"
"ES-00299";"2025-02-01";"Catalonia";"Pablo García";"CUST-0065"
"ES-00300";"2025-11-16";"Basque Country";"Javier Ortega";"CUST-0060"
"ES-00301";"2025-05-23";"Castile-La Mancha";"Eduardo Gómez";"CUST-0023"
"ES-00302";"2025-02-27";"Basque Country";"Pablo García";"CUST-0085"
"ES-00303";"2025-07-09";"Canary Islands";"Sofía Romero";"CUST-0039"
"ES-00304";"2025-09-28";"Andalusia";"Carlos Navarro";"CUST-0078"
"ES-00305";"2025-09-11";"Asturias";"Diana Sánchez";"CUST-0043"
"ES-00306";"2025-11-23";"Balearic Islands";"Alejandro Ruiz";"CUST-0089"
"ES-00307";"2025-03-01";"Cantabria";"Eduardo Gómez";"CUST-0052"
"ES-00308";"2025-09-30";"Asturias";"Sofía Romero";"CUST-0050"
"ES-00309";"2025-03-16";"Aragon";"Sofía Romero";"CUST-0042"
"ES-00310";"2025-12-14";"Catalonia";"Beatriz Martín";"CUST-0061"
"ES-00311";"2025-08-10";"Castile-La Mancha";"Laura Fernández";"CUST-0100"
"ES-00312";"2025-05-17";"Asturias";"Sofía Romero";"CUST-0085"
"ES-00313";"2025-12-11";"Murcia";"Pablo García";"CUST-0083"
"ES-00314";"2025-06-10";"Andalusia";"Alejandro Ruiz";"CUST-0087"
"ES-00315";"2025-02-20";"Balearic Islands";"Diana Sánchez";"CUST-0033"
"ES-00316";"2025-05-09";"Andalusia";"Alejandro Ruiz";"CUST-0081"
"ES-00317";"2025-11-03";"Valencia";"Beatriz Martín";"CUST-0006"
"ES-00318";"2025-07-12";"Galicia";"Beatriz Martín";"CUST-0028"
"ES-00319";"2025-05-10";"Andalusia";"Pablo García";"CUST-0061"
"ES-00320";"2025-05-22";"Murcia";"Eduardo Gómez";"CUST-0077"
"ES-00321";"2025-02-07";"Asturias";"Laura Fernández";"CUST-0021"
"ES-00322";"2025-05-13";"Extremadura";"Beatriz Martín";"CUST-0027"
"ES-00323";"2025-04-13";"Cantabria";"Beatriz Martín";"CUST-0098"
"ES-00324";"2025-10-04";"Valencia";"Sofía Romero";"CUST-0055"
"ES-00325";"2025-02-22";"Castile-La Mancha";"Sofía Romero";"CUST-0078"
"ES-00326";"2025-09-12";"Catalonia";"Pablo García";"CUST-0071"
"ES-00327";"2025-05-17";"Asturias";"Clara Molina";"CUST-0044"
"ES-00328";"2025-09-21";"Cantabria";"Miguel Torres";"CUST-0014"
"ES-00329";"2025-02-05";"Cantabria";"Beatriz Martín";"CUST-0068"
"ES-00330";"2025-06-20";"Andalusia";"Laura Fernández";"CUST-0055"
"ES-00331";"2025-02-11";"Aragon";"Pablo García";"CUST-0028"
"ES-00332";"2025-04-01";"Castile and León";"Eduardo Gómez";"CUST-0014"
"ES-00333";"2025-02-24";"Andalusia";"Pablo García";"CUST-0088"
"ES-00334";"2025-04-08";"Canary Islands";"Sofía Romero";"CUST-0082"
"ES-00335";"2025-02-02";"Cantabria";"Javier Ortega";"CUST-0059"
"ES-00336";"2025-01-09";"Catalonia";"Miguel Torres";"CUST-0056"
"ES-00337";"2025-04-19";"Extremadura";"Pablo García";"CUST-0019"
"ES-00338";"2025-10-24";"Basque Country";"Sofía Romero";"CUST-0069"
"ES-00339";"2025-08-30";"Canary Islands";"Elena Ramos";"CUST-0019"
"ES-00340";"2025-01-08";"Aragon";"Beatriz Martín";"CUST-0033"
"ES-00341";"2025-11-09";"Valencia";"Beatriz Martín";"CUST-0018"
"ES-00342";"2025-11-01";"Castile and León";"Miguel Torres";"CUST-0034"
"ES-00343";"2025-12-14";"Basque Country";"Laura Fernández";"CUST-0016"
"ES-00344";"2025-01-24";"Valencia";"Eduardo Gómez";"CUST-0040"
"ES-00345";"2025-08-01";"Galicia";"Sofía Romero";"CUST-0088"
"ES-00346";"2025-10-25";"Asturias";"Carlos Navarro";"CUST-0029"
"ES-00347";"2025-09-07";"Andalusia";"Elena Ramos";"CUST-0067"
"ES-00348";"2025-08-02";"Cantabria";"Elena Ramos";"CUST-0015"
"ES-00349";"2025-04-16";"Extremadura";"Miguel Torres";"CUST-0088"
"ES-00350";"2025-03-31";"Galicia";"Elena Ramos";"CUST-0088"
"ES-00351";"2025-11-10";"Aragon";"Laura Fernández";"CUST-0029"
"ES-00352";"2025-01-03";"La Rioja";"Beatriz Martín";"CUST-0041"
"ES-00353";"2025-10-04";"Castile and León";"Eduardo Gómez";"CUST-0093"
"ES-00354";"2025-04-10";"Cantabria";"Sofía Romero";"CUST-0016"
"ES-00355";"2025-03-23";"Balearic Islands";"Eduardo Gómez";"CUST-0013"
"ES-00356";"2025-08-11";"Extremadura";"Alejandro Ruiz";"CUST-0062"
"ES-00357";"2025-01-27";"Madrid";"Sofía Romero";"CUST-0100"
"ES-00358";"2025-02-06";"Murcia";"Miguel Torres";"CUST-0039"
"ES-00359";"2025-12-13";"Valencia";"Laura Fernández";"CUST-0017"
"ES-00360";"2025-02-20";"Castile and León";"Miguel Torres";"CUST-0076"
"ES-00361";"2025-02-07";"Navarre";"Carlos Navarro";"CUST-0082"
"ES-00362";"2025-11-09";"Basque Country";"Sofía Romero";"CUST-0031"
"ES-00363";"2025-11-20";"Murcia";"Carlos Navarro";"CUST-0088"
"ES-00364";"2025-12-21";"Valencia";"Sofía Romero";"CUST-0068"
"ES-00365";"2025-08-03";"Aragon";"Clara Molina";"CUST-0058"
"ES-00366";"2025-11-23";"Canary Islands";"Beatriz Martín";"CUST-0086"
"ES-00367";"2025-09-25";"Cantabria";"Sofía Romero";"CUST-0092"
"ES-00368";"2025-01-08";"Canary Islands";"Diana Sánchez";"CUST-0044"
"ES-00369";"2025-08-11";"Basque Country";"Clara Molina";"CUST-0053"
"ES-00370";"2025-08-02";"Cantabria";"Elena Ramos";"CUST-0094"
"ES-00371";"2025-08-06";"Valencia";"Sofía Romero";"CUST-0032"
"ES-00372";"2025-05-04";"Navarre";"Diana Sánchez";"CUST-0005"
"ES-00373";"2025-07-03";"Andalusia";"Alejandro Ruiz";"CUST-0082"
"ES-00374";"2025-12-09";"Madrid";"Sofía Romero";"CUST-0036"
"ES-00375";"2025-03-12";"Balearic Islands";"Pablo García";"CUST-0048"
"ES-00376";"2025-12-27";"Andalusia";"Miguel Torres";"CUST-0045"
"ES-00377";"2025-09-29";"Castile-La Mancha";"Elena Ramos";"CUST-0094"
"ES-00378";"2025-12-17";"Catalonia";"Javier Ortega";"CUST-0095"
"ES-00379";"2025-01-27";"Catalonia";"Laura Fernández";"CUST-0068"
"ES-00380";"2025-03-31";"Castile and León";"Carlos Navarro";"CUST-0048"
"ES-00381";"2025-05-03";"Castile and León";"Elena Ramos";"CUST-0082"
"ES-00382";"2025-06-14";"Navarre";"Eduardo Gómez";"CUST-0089"
"ES-00383";"2025-02-02";"La Rioja";"Javier Ortega";"CUST-0038"
"ES-00384";"2025-08-29";"Aragon";"Sofía Romero";"CUST-0021"
"ES-00385";"2025-12-11";"Andalusia";"Diana Sánchez";"CUST-0042"
"ES-00386";"2025-02-14";"Aragon";"Beatriz Martín";"CUST-0078"
"ES-00387";"2025-03-26";"Cantabria";"Carlos Navarro";"CUST-0088"
"ES-00388";"2025-09-24";"Navarre";"Pablo García";"CUST-0093"
"ES-00389";"2025-08-31";"Madrid";"Eduardo Gómez";"CUST-0067"
"ES-00390";"2025-02-02";"La Rioja";"Pablo García";"CUST-0009"
"ES-00391";"2025-07-30";"Murcia";"Sofía Romero";"CUST-0088"
"ES-00392";"2025-08-23";"Aragon";"Carlos Navarro";"CUST-0024"
"ES-00393";"2025-04-27";"Catalonia";"Carlos Navarro";"CUST-0053"
"ES-00394";"2025-05-26";"Galicia";"Elena Ramos";"CUST-0049"
"ES-00395";"2025-04-04";"Basque Country";"Carlos Navarro";"CUST-0028"
"ES-00396";"2025-03-01";"Basque Country";"Sofía Romero";"CUST-0080"
"ES-00397";"2025-07-09";"Catalonia";"Pablo García";"CUST-0023"
"ES-00398";"2025-06-26";"Galicia";"Javier Ortega";"CUST-0039"
"ES-00399";"2025-03-04";"Cantabria";"Carlos Navarro";"CUST-0038"
"ES-00400";"2025-06-13";"La Rioja";"Laura Fernández";"CUST-0040"
"ES-00401";"2025-08-31";"Basque Country";"Clara Molina";"CUST-0048"
"ES-00402";"2025-06-23";"Catalonia";"Carlos Navarro";"CUST-0069"
"ES-00403";"2025-06-07";"Canary Islands";"Sofía Romero";"CUST-0090"
"ES-00404";"2025-02-17";"Castile and León";"Clara Molina";"CUST-0036"
"ES-00405";"2025-05-23";"Extremadura";"Pablo García";"CUST-0026"
"ES-00406";"2025-09-20";"La Rioja";"Alejandro Ruiz";"CUST-0029"
"ES-00407";"2025-07-23";"Balearic Islands";"Miguel Torres";"CUST-0078"
"ES-00408";"2025-01-07";"Extremadura";"Javier Ortega";"CUST-0094"
"ES-00409";"2025-04-21";"Navarre";"Sofía Romero";"CUST-0021"
"ES-00410";"2025-03-25";"Navarre";"Elena Ramos";"CUST-0037"
"ES-00411";"2025-03-13";"Basque Country";"Diana Sánchez";"CUST-0025"
"ES-00412";"2025-09-01";"Murcia";"Beatriz Martín";"CUST-0036"
"ES-00413";"2025-02-15";"Castile-La Mancha";"Miguel Torres";"CUST-0077"
"ES-00414";"2025-10-12";"Basque Country";"Diana Sánchez";"CUST-0098"
"ES-00415";"2025-07-15";"Aragon";"Clara Molina";"CUST-0038"
"ES-00416";"2025-09-10";"Madrid";"Alejandro Ruiz";"CUST-0039"
"ES-00417";"2025-05-15";"Cantabria";"Beatriz Martín";"CUST-0065"
"ES-00418";"2025-08-02";"Canary Islands";"Alejandro Ruiz";"CUST-0092"
"ES-00419";"2025-05-22";"Balearic Islands";"Clara Molina";"CUST-0047"
"ES-00420";"2025-10-17";"Cantabria";"Elena Ramos";"CUST-0077"
"ES-00421";"2025-07-11";"Castile-La Mancha";"Carlos Navarro";"CUST-0017"
"ES-00422";"2025-03-16";"Basque Country";"Laura Fernández";"CUST-0022"
"ES-00423";"2025-01-28";"Balearic Islands";"Alejandro Ruiz";"CUST-0044"
"ES-00424";"2025-05-30";"La Rioja";"Diana Sánchez";"CUST-0057"
"ES-00425";"2025-02-18";"Murcia";"Laura Fernández";"CUST-0046"
"ES-00426";"2025-05-19";"Valencia";"Javier Ortega";"CUST-0085"
"ES-00427";"2025-03-15";"Balearic Islands";"Sofía Romero";"CUST-0007"
"ES-00428";"2025-06-24";"Castile and León";"Carlos Navarro";"CUST-0002"
"ES-00429";"2025-04-07";"La Rioja";"Javier Ortega";"CUST-0045"
"ES-00430";"2025-08-02";"Basque Country";"Alejandro Ruiz";"CUST-0083"
"ES-00431";"2025-06-28";"Extremadura";"Clara Molina";"CUST-0003"
"ES-00432";"2025-03-30";"Valencia";"Diana Sánchez";"CUST-0093"
"ES-00433";"2025-12-22";"Basque Country";"Diana Sánchez";"CUST-0054"
"ES-00434";"2025-02-10";"Valencia";"Beatriz Martín";"CUST-0032"
"ES-00435";"2025-09-05";"Valencia";"Alejandro Ruiz";"CUST-0003"
"ES-00436";"2025-08-29";"Andalusia";"Eduardo Gómez";"CUST-0021"
"ES-00437";"2025-02-19";"Castile and León";"Clara Molina";"CUST-0083"
"ES-00438";"2025-04-05";"Basque Country";"Elena Ramos";"CUST-0039"
"ES-00439";"2025-10-24";"La Rioja";"Elena Ramos";"CUST-0082"
"ES-00440";"2025-09-16";"Madrid";"Javier Ortega";"CUST-0029"
"ES-00441";"2025-04-09";"Madrid";"Elena Ramos";"CUST-0009"
"ES-00442";"2025-04-20";"Cantabria";"Laura Fernández";"CUST-0067"
"ES-00443";"2025-08-14";"Balearic Islands";"Miguel Torres";"CUST-0045"
"ES-00444";"2025-04-20";"Murcia";"Beatriz Martín";"CUST-0040"
"ES-00445";"2025-02-26";"Balearic Islands";"Elena Ramos";"CUST-0080"
"ES-00446";"2025-10-13";"Cantabria";"Beatriz Martín";"CUST-0041"
"ES-00447";"2025-05-26";"Extremadura";"Diana Sánchez";"CUST-0076"
"ES-00448";"2025-05-29";"Andalusia";"Sofía Romero";"CUST-0085"
"ES-00449";"2025-04-02";"Valencia";"Miguel Torres";"CUST-0080"
"ES-00450";"2025-09-25";"Basque Country";"Miguel Torres";"CUST-0023"
"ES-00451";"2025-12-22";"Galicia";"Beatriz Martín";"CUST-0055"
"ES-00452";"2025-04-12";"Asturias";"Beatriz Martín";"CUST-0100"
"ES-00453";"2025-08-06";"Castile-La Mancha";"Pablo García";"CUST-0059"
"ES-00454";"2025-07-02";"Asturias";"Sofía Romero";"CUST-0007"
"ES-00455";"2025-03-17";"Castile-La Mancha";"Sofía Romero";"CUST-0061"
"ES-00456";"2025-04-29";"Valencia";"Elena Ramos";"CUST-0004"
"ES-00457";"2025-02-04";"Galicia";"Miguel Torres";"CUST-0034"
"ES-00458";"2025-03-20";"Andalusia";"Pablo García";"CUST-0092"
"ES-00459";"2025-08-27";"Cantabria";"Javier Ortega";"CUST-0054"
"ES-00460";"2025-10-05";"Madrid";"Alejandro Ruiz";"CUST-0079"
"ES-00461";"2025-03-02";"Asturias";"Sofía Romero";"CUST-0048"
"ES-00462";"2025-01-19";"Aragon";"Elena Ramos";"CUST-0071"
"ES-00463";"2025-09-09";"Asturias";"Sofía Romero";"CUST-0084"
"ES-00464";"2025-10-19";"Cantabria";"Sofía Romero";"CUST-0052"
"ES-00465";"2025-09-17";"Asturias";"Clara Molina";"CUST-0064"
"ES-00466";"2025-05-26";"Catalonia";"Carlos Navarro";"CUST-0052"
"ES-00467";"2025-06-28";"Murcia";"Miguel Torres";"CUST-0049"
"ES-00468";"2025-08-08";"Balearic Islands";"Alejandro Ruiz";"CUST-0046"
"ES-00469";"2025-05-07";"Andalusia";"Elena Ramos";"CUST-0052"
"ES-00470";"2025-06-06";"Murcia";"Alejandro Ruiz";"CUST-0047"
"ES-00471";"2025-12-03";"Navarre";"Eduardo Gómez";"CUST-0063"
"ES-00472";"2025-12-23";"Murcia";"Miguel Torres";"CUST-0063"
"ES-00473";"2025-06-15";"Valencia";"Elena Ramos";"CUST-0005"
"ES-00474";"2025-06-22";"Murcia";"Carlos Navarro";"CUST-0052"
"ES-00475";"2025-07-06";"Andalusia";"Javier Ortega";"CUST-0034"
"ES-00476";"2025-05-28";"Asturias";"Diana Sánchez";"CUST-0024"
"ES-00477";"2025-10-24";"Andalusia";"Clara Molina";"CUST-0015"
"ES-00478";"2025-08-07";"Aragon";"Javier Ortega";"CUST-0079"
"ES-00479";"2025-08-10";"Navarre";"Miguel Torres";"CUST-0012"
"ES-00480";"2025-11-16";"Galicia";"Alejandro Ruiz";"CUST-0035"
"ES-00481";"2025-10-23";"Extremadura";"Eduardo Gómez";"CUST-0005"
"ES-00482";"2025-10-17";"Castile and León";"Laura Fernández";"CUST-0066"
"ES-00483";"2025-03-17";"Aragon";"Miguel Torres";"CUST-0064"
"ES-00484";"2025-06-13";"Castile and León";"Miguel Torres";"CUST-0025"
"ES-00485";"2025-05-27";"Canary Islands";"Miguel Torres";"CUST-0089"
"ES-00486";"2025-02-28";"Aragon";"Sofía Romero";"CUST-0031"
"ES-00487";"2025-10-14";"Catalonia";"Diana Sánchez";"CUST-0060"
"ES-00488";"2025-05-20";"Castile-La Mancha";"Pablo García";"CUST-0072"
"ES-00489";"2025-11-26";"Cantabria";"Alejandro Ruiz";"CUST-0092"
"ES-00490";"2025-02-12";"Andalusia";"Miguel Torres";"CUST-0011"
"ES-00491";"2025-12-10";"Basque Country";"Diana Sánchez";"CUST-0055"
"ES-00492";"2025-10-20";"La Rioja";"Pablo García";"CUST-0088"
"ES-00493";"2025-09-12";"Valencia";"Laura Fernández";"CUST-0056"
"ES-00494";"2025-10-27";"Canary Islands";"Miguel Torres";"CUST-0086"
"ES-00495";"2025-03-15";"Castile-La Mancha";"Sofía Romero";"CUST-0005"
"ES-00496";"2025-05-11";"Balearic Islands";"Elena Ramos";"CUST-0020"
"ES-00497";"2025-06-12";"Canary Islands";"Eduardo Gómez";"CUST-0025"
"ES-00498";"2025-07-05";"Aragon";"Alejandro Ruiz";"CUST-0038"
"ES-00499";"2025-12-06";"Canary Islands";"Eduardo Gómez";"CUST-0087"
"ES-00500";"2025-06-08";"Valencia";"Javier Ortega";"CUST-0053"
