"product_id";"quantity";"order_id";"unit_price"
1;8;"ES-00001";736
2;3;"ES-00002";1061
3;5;"ES-00003";80
2;1;"ES-00004";731
2;1;"ES-00005";1083
4;2;"ES-00006";83
5;2;"ES-00007";5
2;1;"ES-00008";1140
1;4;"ES-00009";396
6;2;"ES-00010";218
4;4;"ES-00011";125
7;3;"ES-00012";277
7;1;"ES-00013";188
2;1;"ES-00014";1028
8;5;"ES-00015";56
9;1;"ES-00016";70
6;3;"ES-00017";129
1;4;"ES-00018";530
7;3;"ES-00019";65
5;2;"ES-00020";12
7;3;"ES-00021";249
10;1;"ES-00022";1121
11;3;"ES-00023";11
6;4;"ES-00024";176
2;5;"ES-00025";396
2;6;"ES-00026";1141
12;1;"ES-00027";91
13;4;"ES-00028";59
14;2;"ES-00029";303
10;1;"ES-00030";1863
7;1;"ES-00031";186
13;1;"ES-00032";97
9;1;"ES-00033";69
12;6;"ES-00034";361
5;4;"ES-00035";11
9;3;"ES-00036";31
2;1;"ES-00037";1270
12;5;"ES-00038";189
10;6;"ES-00039";1339
9;1;"ES-00040";30
4;5;"ES-00041";115
13;1;"ES-00042";40
4;1;"ES-00043";100
15;1;"ES-00044";224
12;8;"ES-00045";283
3;3;"ES-00046";48
4;3;"ES-00047";124
9;4;"ES-00048";44
2;2;"ES-00049";388
8;3;"ES-00050";61
1;2;"ES-00051";273
8;2;"ES-00052";161
4;4;"ES-00053";75
7;2;"ES-00054";99
8;1;"ES-00055";137
1;1;"ES-00056";650
11;1;"ES-00057";18
8;2;"ES-00058";75
8;4;"ES-00059";104
13;9;"ES-00060";79
7;1;"ES-00061";99
3;2;"ES-00062";38
12;1;"ES-00063";108
8;1;"ES-00064";67
15;7;"ES-00065";329
15;3;"ES-00066";347
14;1;"ES-00067";339
4;1;"ES-00068";33
10;1;"ES-00069";1175
12;3;"ES-00070";245
14;6;"ES-00071";238
3;7;"ES-00072";56
8;1;"ES-00073";45
1;8;"ES-00074";810
6;3;"ES-00075";244
6;5;"ES-00076";175
12;4;"ES-00077";150
8;2;"ES-00078";36
14;2;"ES-00079";399
16;2;"ES-00080";54
3;4;"ES-00081";30
3;1;"ES-00082";31
1;6;"ES-00083";666
10;8;"ES-00084";1747
5;6;"ES-00085";16
16;1;"ES-00086";54
8;7;"ES-00087";40
16;9;"ES-00088";118
10;3;"ES-00089";1278
11;5;"ES-00090";8
9;8;"ES-00091";44
8;2;"ES-00092";143
9;1;"ES-00093";28
9;3;"ES-00094";84
7;5;"ES-00095";85
5;1;"ES-00096";11
1;1;"ES-00097";334
1;4;"ES-00098";366
9;1;"ES-00099";27
16;2;"ES-00100";115
6;2;"ES-00101";128
5;3;"ES-00102";12
16;1;"ES-00103";67
9;3;"ES-00104";39
6;1;"ES-00105";264
4;1;"ES-00106";118
16;1;"ES-00107";33
15;4;"ES-00108";385
9;1;"ES-00109";68
4;4;"ES-00110";82
16;1;"ES-00111";72
6;7;"ES-00112";191
16;3;"ES-00113";109
14;2;"ES-00114";190
14;2;"ES-00115";161
7;1;"ES-00116";178
14;4;"ES-00117";418
11;2;"ES-00118";16
16;2;"ES-00119";75
8;1;"ES-00120";145
9;1;"ES-00121";23
1;2;"ES-00122";505
5;1;"ES-00123";18
1;1;"ES-00124";694
2;1;"ES-00125";477
13;2;"ES-00126";99
7;1;"ES-00127";141
3;5;"ES-00128";76
4;4;"ES-00129";82
6;2;"ES-00130";295
14;1;"ES-00131";390
9;3;"ES-00132";33
3;1;"ES-00133";45
9;1;"ES-00134";79
13;3;"ES-00135";60
16;1;"ES-00136";108
11;1;"ES-00137";15
13;2;"ES-00138";77
3;3;"ES-00139";40
15;4;"ES-00140";401
16;2;"ES-00141";123
16;2;"ES-00142";85
11;1;"ES-00143";17
16;3;"ES-00144";73
2;8;"ES-00145";1109
13;1;"ES-00146";52
5;1;"ES-00147";13
16;1;"ES-00148";90
12;2;"ES-00149";279
11;3;"ES-00150";5
13;2;"ES-00151";85
8;4;"ES-00152";43
15;5;"ES-00153";184
1;4;"ES-00154";562
4;3;"ES-00155";50
1;3;"ES-00156";665
16;3;"ES-00157";92
6;6;"ES-00158";191
8;2;"ES-00159";140
3;4;"ES-00160";83
6;8;"ES-00161";59
10;1;"ES-00162";1789
4;5;"ES-00163";32
7;1;"ES-00164";131
11;1;"ES-00165";9
12;6;"ES-00166";314
16;5;"ES-00167";117
14;4;"ES-00168";330
5;6;"ES-00169";10
10;4;"ES-00170";1281
15;2;"ES-00171";216
4;1;"ES-00172";117
2;2;"ES-00173";1075
5;2;"ES-00174";14
2;2;"ES-00175";1062
13;1;"ES-00176";62
4;1;"ES-00177";122
2;3;"ES-00178";694
5;3;"ES-00179";3
11;5;"ES-00180";21
15;1;"ES-00181";317
15;7;"ES-00182";566
5;5;"ES-00183";8
5;4;"ES-00184";6
13;4;"ES-00185";38
15;1;"ES-00186";277
6;7;"ES-00187";75
11;1;"ES-00188";22
12;9;"ES-00189";111
2;1;"ES-00190";1264
4;2;"ES-00191";88
11;2;"ES-00192";17
9;3;"ES-00193";86
9;1;"ES-00194";87
12;8;"ES-00195";275
4;1;"ES-00196";145
7;3;"ES-00197";190
14;4;"ES-00198";309
7;7;"ES-00199";277
1;2;"ES-00200";812
8;2;"ES-00201";142
3;1;"ES-00202";14
4;1;"ES-00203";111
13;2;"ES-00204";82
12;2;"ES-00205";131
8;7;"ES-00206";172
3;1;"ES-00207";83
13;2;"ES-00208";68
12;3;"ES-00209";343
15;1;"ES-00210";355
12;3;"ES-00211";244
14;2;"ES-00212";221
16;1;"ES-00213";148
6;2;"ES-00214";232
7;2;"ES-00215";156
3;1;"ES-00216";37
1;1;"ES-00217";503
12;3;"ES-00218";130
16;3;"ES-00219";113
7;4;"ES-00220";52
6;3;"ES-00221";87
10;4;"ES-00222";911
10;6;"ES-00223";1137
8;1;"ES-00224";121
9;3;"ES-00225";81
16;1;"ES-00226";71
14;6;"ES-00227";119
16;1;"ES-00228";113
11;1;"ES-00229";10
2;5;"ES-00230";317
1;5;"ES-00231";416
3;1;"ES-00232";16
13;3;"ES-00233";99
5;2;"ES-00234";18
13;4;"ES-00235";72
4;1;"ES-00236";52
6;4;"ES-00237";236
8;1;"ES-00238";85
3;1;"ES-00239";73
5;1;"ES-00240";8
10;1;"ES-00241";1733
15;1;"ES-00242";219
5;4;"ES-00243";9
14;4;"ES-00244";225
5;1;"ES-00245";5
12;2;"ES-00246";132
1;4;"ES-00247";405
8;2;"ES-00248";69
3;2;"ES-00249";21
2;2;"ES-00250";1088
3;6;"ES-00251";68
5;4;"ES-00252";4
7;4;"ES-00253";158
10;7;"ES-00254";1586
6;1;"ES-00255";243
14;6;"ES-00256";227
9;2;"ES-00257";52
7;1;"ES-00258";43
3;2;"ES-00259";37
14;1;"ES-00260";128
6;1;"ES-00261";172
12;1;"ES-00262";204
11;2;"ES-00263";8
7;5;"ES-00264";278
6;3;"ES-00265";229
4;1;"ES-00266";136
12;3;"ES-00267";292
13;1;"ES-00268";36
16;4;"ES-00269";106
1;5;"ES-00270";753
2;2;"ES-00271";670
4;1;"ES-00272";87
3;3;"ES-00273";72
5;3;"ES-00274";6
13;3;"ES-00275";69
16;8;"ES-00276";33
12;2;"ES-00277";290
7;6;"ES-00278";204
7;2;"ES-00279";140
3;6;"ES-00280";35
11;3;"ES-00281";17
7;1;"ES-00282";273
11;5;"ES-00283";22
12;2;"ES-00284";201
3;1;"ES-00285";23
8;1;"ES-00286";161
10;3;"ES-00287";1043
8;1;"ES-00288";127
8;1;"ES-00289";108
11;1;"ES-00290";17
4;2;"ES-00291";78
15;2;"ES-00292";315
2;4;"ES-00293";802
2;6;"ES-00294";342
2;3;"ES-00295";1087
15;2;"ES-00296";154
13;4;"ES-00297";65
16;3;"ES-00298";105
9;3;"ES-00299";63
14;1;"ES-00300";293
2;1;"ES-00301";896
10;3;"ES-00302";1809
6;5;"ES-00303";122
16;5;"ES-00304";70
7;4;"ES-00305";146
6;1;"ES-00306";198
9;1;"ES-00307";54
13;1;"ES-00308";89
9;2;"ES-00309";51
12;2;"ES-00310";249
11;3;"ES-00311";18
9;4;"ES-00312";38
4;3;"ES-00313";52
16;3;"ES-00314";115
8;2;"ES-00315";134
14;1;"ES-00316";108
3;3;"ES-00317";67
7;3;"ES-00318";273
16;1;"ES-00319";113
6;4;"ES-00320";225
16;1;"ES-00321";32
15;8;"ES-00322";268
13;3;"ES-00323";42
7;4;"ES-00324";96
9;1;"ES-00325";23
10;1;"ES-00326";1539
12;1;"ES-00327";185
10;4;"ES-00328";1670
12;2;"ES-00329";80
11;3;"ES-00330";12
5;5;"ES-00331";14
3;3;"ES-00332";87
12;3;"ES-00333";194
6;1;"ES-00334";105
12;4;"ES-00335";285
6;1;"ES-00336";72
1;5;"ES-00337";659
7;1;"ES-00338";58
10;6;"ES-00339";1517
7;1;"ES-00340";52
6;1;"ES-00341";201
13;4;"ES-00342";46
5;2;"ES-00343";5
3;3;"ES-00344";38
7;1;"ES-00345";135
4;1;"ES-00346";41
10;1;"ES-00347";906
14;3;"ES-00348";416
7;1;"ES-00349";109
4;3;"ES-00350";34
13;7;"ES-00351";84
8;3;"ES-00352";63
11;2;"ES-00353";14
15;1;"ES-00354";216
16;3;"ES-00355";30
3;1;"ES-00356";60
1;7;"ES-00357";306
1;6;"ES-00358";698
3;6;"ES-00359";30
4;1;"ES-00360";79
4;2;"ES-00361";87
3;2;"ES-00362";42
3;2;"ES-00363";33
15;3;"ES-00364";275
6;1;"ES-00365";141
16;7;"ES-00366";146
8;2;"ES-00367";178
9;4;"ES-00368";75
5;3;"ES-00369";16
10;9;"ES-00370";939
15;2;"ES-00371";365
13;1;"ES-00372";96
7;1;"ES-00373";207
13;2;"ES-00374";91
6;5;"ES-00375";156
6;3;"ES-00376";265
5;1;"ES-00377";9
3;1;"ES-00378";80
11;1;"ES-00379";12
11;3;"ES-00380";19
5;2;"ES-00381";13
4;2;"ES-00382";61
15;2;"ES-00383";353
1;4;"ES-00384";667
11;7;"ES-00385";21
6;1;"ES-00386";275
1;1;"ES-00387";681
3;7;"ES-00388";14
7;2;"ES-00389";154
3;1;"ES-00390";74
5;3;"ES-00391";13
6;2;"ES-00392";91
9;2;"ES-00393";93
11;2;"ES-00394";7
14;8;"ES-00395";435
4;1;"ES-00396";67
9;1;"ES-00397";61
5;1;"ES-00398";10
14;6;"ES-00399";261
6;1;"ES-00400";292
14;6;"ES-00401";487
6;3;"ES-00402";235
1;1;"ES-00403";624
11;2;"ES-00404";17
4;1;"ES-00405";39
2;2;"ES-00406";764
11;1;"ES-00407";22
11;1;"ES-00408";11
2;4;"ES-00409";715
14;5;"ES-00410";487
8;5;"ES-00411";121
14;9;"ES-00412";309
12;1;"ES-00413";283
16;2;"ES-00414";101
16;1;"ES-00415";90
14;3;"ES-00416";284
7;1;"ES-00417";206
14;1;"ES-00418";462
1;2;"ES-00419";878
13;2;"ES-00420";49
1;2;"ES-00421";593
15;2;"ES-00422";544
16;1;"ES-00423";81
14;2;"ES-00424";474
16;3;"ES-00425";47
14;3;"ES-00426";374
11;1;"ES-00427";15
8;6;"ES-00428";58
4;4;"ES-00429";96
1;2;"ES-00430";234
13;2;"ES-00431";59
5;4;"ES-00432";3
7;1;"ES-00433";98
7;2;"ES-00434";237
10;4;"ES-00435";942
15;1;"ES-00436";263
10;4;"ES-00437";1819
3;3;"ES-00438";14
9;2;"ES-00439";30
4;3;"ES-00440";41
3;8;"ES-00441";25
1;6;"ES-00442";792
16;3;"ES-00443";38
8;2;"ES-00444";94
6;2;"ES-00445";178
14;4;"ES-00446";132
12;2;"ES-00447";315
8;9;"ES-00448";97
11;1;"ES-00449";18
6;3;"ES-00450";79
12;3;"ES-00451";112
11;2;"ES-00452";16
4;4;"ES-00453";62
12;2;"ES-00454";272
9;4;"ES-00455";26
13;3;"ES-00456";38
15;2;"ES-00457";161
5;2;"ES-00458";12
13;1;"ES-00459";87
9;2;"ES-00460";84
8;2;"ES-00461";80
6;1;"ES-00462";193
16;2;"ES-00463";66
1;3;"ES-00464";654
16;1;"ES-00465";60
11;2;"ES-00466";5
11;5;"ES-00467";16
1;2;"ES-00468";436
4;1;"ES-00469";66
2;1;"ES-00470";427
6;5;"ES-00471";195
10;2;"ES-00472";921
12;3;"ES-00473";338
3;2;"ES-00474";74
14;8;"ES-00475";180
3;1;"ES-00476";35
2;1;"ES-00477";603
13;1;"ES-00478";100
14;3;"ES-00479";224
9;2;"ES-00480";70
16;2;"ES-00481";113
8;4;"ES-00482";44
6;1;"ES-00483";238
8;5;"ES-00484";166
9;3;"ES-00485";38
4;1;"ES-00486";32
13;10;"ES-00487";65
16;1;"ES-00488";59
16;5;"ES-00489";154
15;2;"ES-00490";283
11;3;"ES-00491";6
1;4;"ES-00492";851
9;6;"ES-00493";36
5;4;"ES-00494";15
3;1;"ES-00495";28
8;5;"ES-00496";43
1;3;"ES-00497";521
7;2;"ES-00498";135
15;4;"ES-00499";174
12;3;"ES-00500";303
